timeStamp,elapsed,label,responseCode,responseMessage,threadName,dataType,success,failureMessage,bytes,sentBytes,grpThreads,allThreads,URL,Latency,IdleTime,Connect
1678987883668,83,1. /get_method,200,OK,Group_32_test_plan_50_threads 1-9,text,true,,189,152,13,13,http://5.75.203.123:5005/get_method?name=Milhail&age=32,83,0,39
1678987883688,87,1. /get_method,200,OK,Group_32_test_plan_50_threads 1-10,text,true,,189,152,14,14,http://5.75.203.123:5005/get_method?name=Milhail&age=32,87,0,42
1678987883708,96,1. /get_method,200,OK,Group_32_test_plan_50_threads 1-11,text,true,,189,152,15,15,http://5.75.203.123:5005/get_method?name=Milhail&age=32,96,0,43
1678987883728,87,1. /get_method,200,OK,Group_32_test_plan_50_threads 1-12,text,true,,189,152,16,16,http://5.75.203.123:5005/get_method?name=Milhail&age=32,87,0,42
1678987883748,89,1. /get_method,200,OK,Group_32_test_plan_50_threads 1-13,text,true,,189,152,17,17,http://5.75.203.123:5005/get_method?name=Milhail&age=32,88,0,41
1678987883753,94,2. /user_info_2,200,OK,Group_32_test_plan_50_threads 1-9,text,true,,474,248,18,18,http://5.75.203.123:5005/user_info_2,94,0,47
1678987883769,83,1. /get_method,200,OK,Group_32_test_plan_50_threads 1-14,text,true,,189,152,18,18,http://5.75.203.123:5005/get_method?name=Milhail&age=32,83,0,41
1678987883776,83,2. /user_info_2,200,OK,Group_32_test_plan_50_threads 1-10,text,true,,474,248,18,18,http://5.75.203.123:5005/user_info_2,83,0,41
1678987883789,94,1. /get_method,200,OK,Group_32_test_plan_50_threads 1-15,text,true,,189,152,19,19,http://5.75.203.123:5005/get_method?name=Milhail&age=32,94,0,50
1678987883804,89,2. /user_info_2,200,OK,Group_32_test_plan_50_threads 1-11,text,true,,474,248,20,20,http://5.75.203.123:5005/user_info_2,89,0,44
1678987883808,85,1. /get_method,200,OK,Group_32_test_plan_50_threads 1-16,text,true,,189,152,20,20,http://5.75.203.123:5005/get_method?name=Milhail&age=32,85,0,40
1678987883815,86,2. /user_info_2,200,OK,Group_32_test_plan_50_threads 1-12,text,true,,474,248,20,20,http://5.75.203.123:5005/user_info_2,86,0,42
1678987883828,83,1. /get_method,200,OK,Group_32_test_plan_50_threads 1-17,text,true,,189,152,21,21,http://5.75.203.123:5005/get_method?name=Milhail&age=32,83,0,39
1678987883837,105,2. /user_info_2,200,OK,Group_32_test_plan_50_threads 1-13,text,true,,474,248,22,22,http://5.75.203.123:5005/user_info_2,105,0,44
1678987883848,96,2. /user_info_2,200,OK,Group_32_test_plan_50_threads 1-9,text,true,,476,249,22,22,http://5.75.203.123:5005/user_info_2,95,0,44
1678987883848,98,1. /get_method,200,OK,Group_32_test_plan_50_threads 1-18,text,true,,189,152,22,22,http://5.75.203.123:5005/get_method?name=Milhail&age=32,98,0,44
1678987883852,95,2. /user_info_2,200,OK,Group_32_test_plan_50_threads 1-14,text,true,,474,248,22,22,http://5.75.203.123:5005/user_info_2,95,0,45
1678987883859,88,2. /user_info_2,200,OK,Group_32_test_plan_50_threads 1-10,text,true,,476,249,22,22,http://5.75.203.123:5005/user_info_2,88,0,42
1678987883868,88,1. /get_method,200,OK,Group_32_test_plan_50_threads 1-19,text,true,,189,152,23,23,http://5.75.203.123:5005/get_method?name=Milhail&age=32,88,0,43
1678987883883,107,2. /user_info_2,200,OK,Group_32_test_plan_50_threads 1-15,text,true,,474,248,25,25,http://5.75.203.123:5005/user_info_2,107,0,59
1678987883893,102,2. /user_info_2,200,OK,Group_32_test_plan_50_threads 1-16,text,true,,474,248,25,25,http://5.75.203.123:5005/user_info_2,101,0,50
1678987883893,102,2. /user_info_2,200,OK,Group_32_test_plan_50_threads 1-11,text,true,,476,249,25,25,http://5.75.203.123:5005/user_info_2,102,0,50
1678987883888,107,1. /get_method,200,OK,Group_32_test_plan_50_threads 1-20,text,true,,189,152,25,25,http://5.75.203.123:5005/get_method?name=Milhail&age=32,107,0,54
1678987883901,95,2. /user_info_2,200,OK,Group_32_test_plan_50_threads 1-12,text,true,,476,249,25,25,http://5.75.203.123:5005/user_info_2,95,0,46
1678987883908,89,1. /get_method,200,OK,Group_32_test_plan_50_threads 1-21,text,true,,189,152,25,25,http://5.75.203.123:5005/get_method?name=Milhail&age=32,88,0,40
1678987883911,90,2. /user_info_2,200,OK,Group_32_test_plan_50_threads 1-17,text,true,,474,248,25,25,http://5.75.203.123:5005/user_info_2,90,0,45
1678987883928,95,1. /get_method,200,OK,Group_32_test_plan_50_threads 1-22,text,true,,189,152,26,26,http://5.75.203.123:5005/get_method?name=Milhail&age=32,94,0,52
1678987883946,83,2. /user_info_2,200,OK,Group_32_test_plan_50_threads 1-18,text,true,,474,248,27,27,http://5.75.203.123:5005/user_info_2,83,0,41
1678987883947,88,3. /user_info_3,200,OK,Group_32_test_plan_50_threads 1-10,text,true,,384,249,27,27,http://5.75.203.123:5005/user_info_3,88,0,40
1678987883942,94,2. /user_info_2,200,OK,Group_32_test_plan_50_threads 1-13,text,true,,476,249,27,27,http://5.75.203.123:5005/user_info_2,94,0,45
1678987883947,92,2. /user_info_2,200,OK,Group_32_test_plan_50_threads 1-14,text,true,,476,249,27,27,http://5.75.203.123:5005/user_info_2,92,0,40
1678987883948,93,1. /get_method,200,OK,Group_32_test_plan_50_threads 1-23,text,true,,189,152,27,27,http://5.75.203.123:5005/get_method?name=Milhail&age=32,93,0,42
1678987883956,98,2. /user_info_2,200,OK,Group_32_test_plan_50_threads 1-19,text,true,,474,248,28,28,http://5.75.203.123:5005/user_info_2,98,0,45
1678987883944,110,3. /user_info_3,200,OK,Group_32_test_plan_50_threads 1-9,text,true,,384,249,28,28,http://5.75.203.123:5005/user_info_3,110,0,46
1678987883968,86,1. /get_method,200,OK,Group_32_test_plan_50_threads 1-24,text,true,,189,152,28,28,http://5.75.203.123:5005/get_method?name=Milhail&age=32,86,0,38
1678987883988,85,1. /get_method,200,OK,Group_32_test_plan_50_threads 1-25,text,true,,189,152,29,29,http://5.75.203.123:5005/get_method?name=Milhail&age=32,85,0,40
1678987883990,83,2. /user_info_2,200,OK,Group_32_test_plan_50_threads 1-15,text,true,,476,249,29,29,http://5.75.203.123:5005/user_info_2,83,0,40
1678987883997,86,2. /user_info_2,200,OK,Group_32_test_plan_50_threads 1-21,text,true,,474,248,29,29,http://5.75.203.123:5005/user_info_2,86,0,42
1678987883995,93,3. /user_info_3,200,OK,Group_32_test_plan_50_threads 1-11,text,true,,384,249,30,30,http://5.75.203.123:5005/user_info_3,93,0,44
1678987883995,96,2. /user_info_2,200,OK,Group_32_test_plan_50_threads 1-16,text,true,,476,249,30,30,http://5.75.203.123:5005/user_info_2,96,0,44
1678987884001,91,2. /user_info_2,200,OK,Group_32_test_plan_50_threads 1-17,text,true,,476,249,30,30,http://5.75.203.123:5005/user_info_2,90,0,40
1678987883995,97,2. /user_info_2,200,OK,Group_32_test_plan_50_threads 1-20,text,true,,474,248,30,30,http://5.75.203.123:5005/user_info_2,96,0,44
1678987883996,98,3. /user_info_3,200,OK,Group_32_test_plan_50_threads 1-12,text,true,,384,249,30,30,http://5.75.203.123:5005/user_info_3,98,0,45
1678987884009,89,1. /get_method,200,OK,Group_32_test_plan_50_threads 1-26,text,true,,189,152,30,30,http://5.75.203.123:5005/get_method?name=Milhail&age=32,89,0,45
1678987884023,79,2. /user_info_2,200,OK,Group_32_test_plan_50_threads 1-22,text,true,,474,248,30,30,http://5.75.203.123:5005/user_info_2,79,0,39
1678987884029,89,2. /user_info_2,200,OK,Group_32_test_plan_50_threads 1-18,text,true,,476,249,31,31,http://5.75.203.123:5005/user_info_2,89,0,44
1678987884035,84,4. /object_info_1,200,OK,Group_32_test_plan_50_threads 1-10,text,true,,249,165,31,31,http://5.75.203.123:5005/object_info_1?name=Mikhail&age=32&weight=88,84,0,42
1678987884029,91,1. /get_method,200,OK,Group_32_test_plan_50_threads 1-27,text,true,,189,152,31,31,http://5.75.203.123:5005/get_method?name=Milhail&age=32,91,0,44
1678987884039,85,3. /user_info_3,200,OK,Group_32_test_plan_50_threads 1-14,text,true,,384,249,31,31,http://5.75.203.123:5005/user_info_3,85,0,43
1678987884037,92,3. /user_info_3,200,OK,Group_32_test_plan_50_threads 1-13,text,true,,384,249,32,32,http://5.75.203.123:5005/user_info_3,92,0,45
1678987884048,81,1. /get_method,200,OK,Group_32_test_plan_50_threads 1-28,text,true,,189,152,32,32,http://5.75.203.123:5005/get_method?name=Milhail&age=32,81,0,39
1678987884041,92,2. /user_info_2,200,OK,Group_32_test_plan_50_threads 1-23,text,true,,474,248,32,32,http://5.75.203.123:5005/user_info_2,92,0,45
1678987884054,85,2. /user_info_2,200,OK,Group_32_test_plan_50_threads 1-19,text,true,,476,249,32,32,http://5.75.203.123:5005/user_info_2,85,0,43
1678987884054,88,4. /object_info_1,200,OK,Group_32_test_plan_50_threads 1-9,text,true,,249,165,32,32,http://5.75.203.123:5005/object_info_1?name=Mikhail&age=32&weight=88,88,0,43
1678987884054,98,2. /user_info_2,200,OK,Group_32_test_plan_50_threads 1-24,text,true,,474,248,33,33,http://5.75.203.123:5005/user_info_2,97,0,44
1678987884073,88,2. /user_info_2,200,OK,Group_32_test_plan_50_threads 1-25,text,true,,474,248,33,33,http://5.75.203.123:5005/user_info_2,88,0,40
1678987884068,93,1. /get_method,200,OK,Group_32_test_plan_50_threads 1-29,text,true,,189,152,33,33,http://5.75.203.123:5005/get_method?name=Milhail&age=32,93,0,45
1678987884073,92,3. /user_info_3,200,OK,Group_32_test_plan_50_threads 1-15,text,true,,384,249,33,33,http://5.75.203.123:5005/user_info_3,92,0,43
1678987884083,90,2. /user_info_2,200,OK,Group_32_test_plan_50_threads 1-21,text,true,,476,249,34,34,http://5.75.203.123:5005/user_info_2,90,0,43
1678987884088,90,1. /get_method,200,OK,Group_32_test_plan_50_threads 1-30,text,true,,189,152,34,34,http://5.75.203.123:5005/get_method?name=Milhail&age=32,90,0,45
1678987884088,93,4. /object_info_1,200,OK,Group_32_test_plan_50_threads 1-11,text,true,,249,165,34,34,http://5.75.203.123:5005/object_info_1?name=Mikhail&age=32&weight=88,93,0,45
1678987884092,93,2. /user_info_2,200,OK,Group_32_test_plan_50_threads 1-20,text,true,,476,249,34,34,http://5.75.203.123:5005/user_info_2,93,0,42
1678987884092,93,3. /user_info_3,200,OK,Group_32_test_plan_50_threads 1-16,text,true,,384,249,34,34,http://5.75.203.123:5005/user_info_3,93,0,42
1678987884092,93,3. /user_info_3,200,OK,Group_32_test_plan_50_threads 1-17,text,true,,384,249,34,34,http://5.75.203.123:5005/user_info_3,93,0,42
1678987884094,93,4. /object_info_1,200,OK,Group_32_test_plan_50_threads 1-12,text,true,,249,165,34,34,http://5.75.203.123:5005/object_info_1?name=Mikhail&age=32&weight=88,93,0,41
1678987884108,87,1. /get_method,200,OK,Group_32_test_plan_50_threads 1-31,text,true,,189,152,35,35,http://5.75.203.123:5005/get_method?name=Milhail&age=32,87,0,42
1678987884102,93,2. /user_info_2,200,OK,Group_32_test_plan_50_threads 1-22,text,true,,476,249,35,35,http://5.75.203.123:5005/user_info_2,93,0,39
1678987884098,101,2. /user_info_2,200,OK,Group_32_test_plan_50_threads 1-26,text,true,,474,248,35,35,http://5.75.203.123:5005/user_info_2,101,0,43
1678987884118,81,3. /user_info_3,200,OK,Group_32_test_plan_50_threads 1-18,text,true,,384,249,35,35,http://5.75.203.123:5005/user_info_3,81,0,40
1678987884119,103,5. /object_info_2,200,OK,Group_32_test_plan_50_threads 1-10,text,true,,489,167,36,36,http://5.75.203.123:5005/object_info_2?name=Mikhail&age=32&salary=3000,103,0,45
1678987884120,102,2. /user_info_2,200,OK,Group_32_test_plan_50_threads 1-27,text,true,,474,248,36,36,http://5.75.203.123:5005/user_info_2,102,0,45
1678987884129,95,4. /object_info_1,200,OK,Group_32_test_plan_50_threads 1-13,text,true,,249,165,36,36,http://5.75.203.123:5005/object_info_1?name=Mikhail&age=32&weight=88,95,0,40
1678987884124,100,4. /object_info_1,200,OK,Group_32_test_plan_50_threads 1-14,text,true,,249,165,36,36,http://5.75.203.123:5005/object_info_1?name=Mikhail&age=32&weight=88,100,0,41
1678987884129,95,2. /user_info_2,200,OK,Group_32_test_plan_50_threads 1-28,text,true,,474,248,36,36,http://5.75.203.123:5005/user_info_2,95,0,40
1678987884128,96,1. /get_method,200,OK,Group_32_test_plan_50_threads 1-32,text,true,,189,152,36,36,http://5.75.203.123:5005/get_method?name=Milhail&age=32,96,0,46
1678987884133,91,2. /user_info_2,200,OK,Group_32_test_plan_50_threads 1-23,text,true,,476,249,36,36,http://5.75.203.123:5005/user_info_2,91,0,44
1678987884152,81,2. /user_info_2,200,OK,Group_32_test_plan_50_threads 1-24,text,true,,476,249,37,37,http://5.75.203.123:5005/user_info_2,81,0,39
1678987884142,96,3. /user_info_3,200,OK,Group_32_test_plan_50_threads 1-19,text,true,,384,249,37,37,http://5.75.203.123:5005/user_info_3,96,0,51
1678987884143,100,5. /object_info_2,200,OK,Group_32_test_plan_50_threads 1-9,text,true,,489,167,37,37,http://5.75.203.123:5005/object_info_2?name=Mikhail&age=32&salary=3000,100,0,51
1678987884148,95,1. /get_method,200,OK,Group_32_test_plan_50_threads 1-33,text,true,,189,152,37,37,http://5.75.203.123:5005/get_method?name=Milhail&age=32,95,0,46
1678987884161,106,2. /user_info_2,200,OK,Group_32_test_plan_50_threads 1-25,text,true,,476,249,38,38,http://5.75.203.123:5005/user_info_2,106,0,60
1678987884161,106,2. /user_info_2,200,OK,Group_32_test_plan_50_threads 1-29,text,true,,474,248,38,38,http://5.75.203.123:5005/user_info_2,106,0,60
1678987884168,103,1. /get_method,200,OK,Group_32_test_plan_50_threads 1-34,text,true,,189,152,39,39,http://5.75.203.123:5005/get_method?name=Milhail&age=32,103,0,54
1678987884165,111,4. /object_info_1,200,OK,Group_32_test_plan_50_threads 1-15,text,true,,249,165,39,39,http://5.75.203.123:5005/object_info_1?name=Mikhail&age=32&weight=88,111,0,57
1678987884174,104,3. /user_info_3,200,OK,Group_32_test_plan_50_threads 1-21,text,true,,384,249,39,39,http://5.75.203.123:5005/user_info_3,104,0,48
1678987884178,100,2. /user_info_2,200,OK,Group_32_test_plan_50_threads 1-30,text,true,,474,248,39,39,http://5.75.203.123:5005/user_info_2,100,0,46
1678987884181,99,5. /object_info_2,200,OK,Group_32_test_plan_50_threads 1-11,text,true,,489,167,39,39,http://5.75.203.123:5005/object_info_2?name=Mikhail&age=32&salary=3000,99,0,43
1678987884188,92,1. /get_method,200,OK,Group_32_test_plan_50_threads 1-35,text,true,,189,152,39,39,http://5.75.203.123:5005/get_method?name=Milhail&age=32,92,0,39
1678987884195,92,3. /user_info_3,200,OK,Group_32_test_plan_50_threads 1-22,text,true,,384,249,39,39,http://5.75.203.123:5005/user_info_3,92,0,40
1678987884186,101,4. /object_info_1,200,OK,Group_32_test_plan_50_threads 1-16,text,true,,249,165,39,39,http://5.75.203.123:5005/object_info_1?name=Mikhail&age=32&weight=88,101,0,45
1678987884186,101,3. /user_info_3,200,OK,Group_32_test_plan_50_threads 1-20,text,true,,384,249,39,39,http://5.75.203.123:5005/user_info_3,101,0,45
1678987884195,92,2. /user_info_2,200,OK,Group_32_test_plan_50_threads 1-31,text,true,,474,248,39,39,http://5.75.203.123:5005/user_info_2,92,0,40
1678987884186,101,4. /object_info_1,200,OK,Group_32_test_plan_50_threads 1-17,text,true,,249,165,39,39,http://5.75.203.123:5005/object_info_1?name=Mikhail&age=32&weight=88,101,0,45
1678987884187,100,5. /object_info_2,200,OK,Group_32_test_plan_50_threads 1-12,text,true,,489,167,39,39,http://5.75.203.123:5005/object_info_2?name=Mikhail&age=32&salary=3000,100,0,44
1678987884199,98,2. /user_info_2,200,OK,Group_32_test_plan_50_threads 1-26,text,true,,476,249,40,40,http://5.75.203.123:5005/user_info_2,98,0,41
1678987884200,97,4. /object_info_1,200,OK,Group_32_test_plan_50_threads 1-18,text,true,,249,165,40,40,http://5.75.203.123:5005/object_info_1?name=Mikhail&age=32&weight=88,97,0,43
1678987884208,97,1. /get_method,200,OK,Group_32_test_plan_50_threads 1-36,text,true,,189,152,40,40,http://5.75.203.123:5005/get_method?name=Milhail&age=32,97,0,53
1678987884222,87,6. /object_info_3,200,OK,Group_32_test_plan_50_threads 1-10,text,true,,536,167,41,41,http://5.75.203.123:5005/object_info_3?name=Mikhail&age=32&salary=4000,87,0,41
1678987884224,88,2. /user_info_2,200,OK,Group_32_test_plan_50_threads 1-32,text,true,,474,248,41,41,http://5.75.203.123:5005/user_info_2,88,0,43
1678987884222,92,2. /user_info_2,200,OK,Group_32_test_plan_50_threads 1-27,text,true,,476,249,41,41,http://5.75.203.123:5005/user_info_2,92,0,45
1678987884224,95,2. /user_info_2,200,OK,Group_32_test_plan_50_threads 1-28,text,true,,476,249,41,41,http://5.75.203.123:5005/user_info_2,95,0,47
1678987884228,92,1. /get_method,200,OK,Group_32_test_plan_50_threads 1-37,text,true,,189,152,41,41,http://5.75.203.123:5005/get_method?name=Milhail&age=32,92,0,43
1678987884224,100,3. /user_info_3,200,OK,Group_32_test_plan_50_threads 1-23,text,true,,384,249,41,41,http://5.75.203.123:5005/user_info_3,100,0,47
1678987884224,106,5. /object_info_2,200,OK,Group_32_test_plan_50_threads 1-13,text,true,,489,167,42,42,http://5.75.203.123:5005/object_info_2?name=Mikhail&age=32&salary=3000,105,0,47
1678987884233,97,3. /user_info_3,200,OK,Group_32_test_plan_50_threads 1-24,text,true,,384,249,42,42,http://5.75.203.123:5005/user_info_3,97,0,43
1678987884224,106,5. /object_info_2,200,OK,Group_32_test_plan_50_threads 1-14,text,true,,489,167,42,42,http://5.75.203.123:5005/object_info_2?name=Mikhail&age=32&salary=3000,106,0,47
1678987884238,92,4. /object_info_1,200,OK,Group_32_test_plan_50_threads 1-19,text,true,,249,165,42,42,http://5.75.203.123:5005/object_info_1?name=Mikhail&age=32&weight=88,92,0,40
1678987884244,97,6. /object_info_3,200,OK,Group_32_test_plan_50_threads 1-9,text,true,,536,167,42,42,http://5.75.203.123:5005/object_info_3?name=Mikhail&age=32&salary=4000,97,0,53
1678987884243,100,2. /user_info_2,200,OK,Group_32_test_plan_50_threads 1-33,text,true,,474,248,42,42,http://5.75.203.123:5005/user_info_2,100,0,54
1678987884248,97,1. /get_method,200,OK,Group_32_test_plan_50_threads 1-38,text,true,,189,152,42,42,http://5.75.203.123:5005/get_method?name=Milhail&age=32,97,0,49
1678987884267,90,2. /user_info_2,200,OK,Group_32_test_plan_50_threads 1-29,text,true,,476,249,43,43,http://5.75.203.123:5005/user_info_2,90,0,43
1678987884271,108,2. /user_info_2,200,OK,Group_32_test_plan_50_threads 1-34,text,true,,474,248,44,44,http://5.75.203.123:5005/user_info_2,107,0,43
1678987884267,112,3. /user_info_3,200,OK,Group_32_test_plan_50_threads 1-25,text,true,,384,249,44,44,http://5.75.203.123:5005/user_info_3,111,0,45
1678987884268,111,1. /get_method,200,OK,Group_32_test_plan_50_threads 1-39,text,true,,189,152,44,44,http://5.75.203.123:5005/get_method?name=Milhail&age=32,110,0,44
1678987884278,101,4. /object_info_1,200,OK,Group_32_test_plan_50_threads 1-21,text,true,,249,165,44,44,http://5.75.203.123:5005/object_info_1?name=Mikhail&age=32&weight=88,101,0,41
1678987884280,99,2. /user_info_2,200,OK,Group_32_test_plan_50_threads 1-35,text,true,,474,248,44,44,http://5.75.203.123:5005/user_info_2,99,0,42
1678987884280,99,6. /object_info_3,200,OK,Group_32_test_plan_50_threads 1-11,text,true,,536,167,44,44,http://5.75.203.123:5005/object_info_3?name=Mikhail&age=32&salary=4000,99,0,42
1678987884276,103,5. /object_info_2,200,OK,Group_32_test_plan_50_threads 1-15,text,true,,489,167,44,44,http://5.75.203.123:5005/object_info_2?name=Mikhail&age=32&salary=3000,103,0,43
1678987884287,92,4. /object_info_1,200,OK,Group_32_test_plan_50_threads 1-22,text,true,,249,165,44,44,http://5.75.203.123:5005/object_info_1?name=Mikhail&age=32&weight=88,92,0,43
1678987884287,99,6. /object_info_3,200,OK,Group_32_test_plan_50_threads 1-12,text,true,,536,167,44,44,http://5.75.203.123:5005/object_info_3?name=Mikhail&age=32&salary=4000,99,0,43
1678987884289,97,1. /get_method,200,OK,Group_32_test_plan_50_threads 1-40,text,true,,189,152,44,44,http://5.75.203.123:5005/get_method?name=Milhail&age=32,97,0,41
1678987884287,99,5. /object_info_2,200,OK,Group_32_test_plan_50_threads 1-17,text,true,,489,167,44,44,http://5.75.203.123:5005/object_info_2?name=Mikhail&age=32&salary=3000,99,0,43
1678987884278,108,2. /user_info_2,200,OK,Group_32_test_plan_50_threads 1-30,text,true,,476,249,44,44,http://5.75.203.123:5005/user_info_2,108,0,46
1678987884287,106,2. /user_info_2,200,OK,Group_32_test_plan_50_threads 1-31,text,true,,476,249,45,45,http://5.75.203.123:5005/user_info_2,106,0,48
1678987884297,96,5. /object_info_2,200,OK,Group_32_test_plan_50_threads 1-18,text,true,,489,167,45,45,http://5.75.203.123:5005/object_info_2?name=Mikhail&age=32&salary=3000,96,0,41
1678987884287,106,5. /object_info_2,200,OK,Group_32_test_plan_50_threads 1-16,text,true,,489,167,45,45,http://5.75.203.123:5005/object_info_2?name=Mikhail&age=32&salary=3000,106,0,48
1678987884297,100,3. /user_info_3,200,OK,Group_32_test_plan_50_threads 1-26,text,true,,384,249,45,45,http://5.75.203.123:5005/user_info_3,100,0,44
1678987884287,110,4. /object_info_1,200,OK,Group_32_test_plan_50_threads 1-20,text,true,,249,165,45,45,http://5.75.203.123:5005/object_info_1?name=Mikhail&age=32&weight=88,110,0,48
1678987884305,92,2. /user_info_2,200,OK,Group_32_test_plan_50_threads 1-36,text,true,,474,248,45,45,http://5.75.203.123:5005/user_info_2,92,0,42
1678987884309,93,1. /get_method,200,OK,Group_32_test_plan_50_threads 1-41,text,true,,189,152,45,45,http://5.75.203.123:5005/get_method?name=Milhail&age=32,93,0,48
1678987884312,96,2. /user_info_2,200,OK,Group_32_test_plan_50_threads 1-32,text,true,,476,249,45,45,http://5.75.203.123:5005/user_info_2,96,0,45
1678987884309,99,7. /object_info_4,200,OK,Group_32_test_plan_50_threads 1-10,text,true,,256,167,45,45,http://5.75.203.123:5005/object_info_4?name=Mikhail&age=32&salary=5000,99,0,48
1678987884314,109,3. /user_info_3,200,OK,Group_32_test_plan_50_threads 1-27,text,true,,384,249,45,45,http://5.75.203.123:5005/user_info_3,109,0,64
1678987884320,111,2. /user_info_2,200,OK,Group_32_test_plan_50_threads 1-37,text,true,,474,248,46,46,http://5.75.203.123:5005/user_info_2,111,0,58
1678987884324,107,4. /object_info_1,200,OK,Group_32_test_plan_50_threads 1-23,text,true,,249,165,46,46,http://5.75.203.123:5005/object_info_1?name=Mikhail&age=32&weight=88,107,0,55
1678987884331,105,4. /object_info_1,200,OK,Group_32_test_plan_50_threads 1-24,text,true,,249,165,46,46,http://5.75.203.123:5005/object_info_1?name=Mikhail&age=32&weight=88,105,0,48
1678987884319,117,3. /user_info_3,200,OK,Group_32_test_plan_50_threads 1-28,text,true,,384,249,46,46,http://5.75.203.123:5005/user_info_3,117,0,59
1678987884328,108,1. /get_method,200,OK,Group_32_test_plan_50_threads 1-42,text,true,,189,152,46,46,http://5.75.203.123:5005/get_method?name=Milhail&age=32,108,0,51
1678987884331,106,6. /object_info_3,200,OK,Group_32_test_plan_50_threads 1-14,text,true,,536,167,46,46,http://5.75.203.123:5005/object_info_3?name=Mikhail&age=32&salary=4000,106,0,48
1678987884331,113,5. /object_info_2,200,OK,Group_32_test_plan_50_threads 1-19,text,true,,489,167,46,46,http://5.75.203.123:5005/object_info_2?name=Mikhail&age=32&salary=3000,113,0,48
1678987884342,102,7. /object_info_4,200,OK,Group_32_test_plan_50_threads 1-9,text,true,,256,167,46,46,http://5.75.203.123:5005/object_info_4?name=Mikhail&age=32&salary=5000,102,0,51
1678987884345,103,2. /user_info_2,200,OK,Group_32_test_plan_50_threads 1-38,text,true,,474,248,45,45,http://5.75.203.123:5005/user_info_2,103,0,48
1678987884331,117,6. /object_info_3,200,OK,Group_32_test_plan_50_threads 1-13,text,true,,536,167,45,45,http://5.75.203.123:5005/object_info_3?name=Mikhail&age=32&salary=4000,117,0,48
1678987884343,108,2. /user_info_2,200,OK,Group_32_test_plan_50_threads 1-33,text,true,,476,249,46,46,http://5.75.203.123:5005/user_info_2,108,0,50
1678987884357,94,3. /user_info_3,200,OK,Group_32_test_plan_50_threads 1-29,text,true,,384,249,46,46,http://5.75.203.123:5005/user_info_3,94,0,45
1678987884348,108,1. /get_method,200,OK,Group_32_test_plan_50_threads 1-43,text,true,,189,152,46,46,http://5.75.203.123:5005/get_method?name=Milhail&age=32,108,0,49
1678987884368,88,1. /get_method,200,OK,Group_32_test_plan_50_threads 1-44,text,true,,189,152,46,46,http://5.75.203.123:5005/get_method?name=Milhail&age=32,88,0,44
1678987884379,89,2. /user_info_2,200,OK,Group_32_test_plan_50_threads 1-39,text,true,,474,248,46,46,http://5.75.203.123:5005/user_info_2,89,0,44
1678987884379,92,6. /object_info_3,200,OK,Group_32_test_plan_50_threads 1-15,text,true,,536,167,47,47,http://5.75.203.123:5005/object_info_3?name=Mikhail&age=32&salary=4000,92,0,46
1678987884379,98,2. /user_info_2,200,OK,Group_32_test_plan_50_threads 1-35,text,true,,476,249,47,47,http://5.75.203.123:5005/user_info_2,97,0,46
1678987884379,98,4. /object_info_1,200,OK,Group_32_test_plan_50_threads 1-25,text,true,,249,165,47,47,http://5.75.203.123:5005/object_info_1?name=Mikhail&age=32&weight=88,98,0,46
1678987884379,103,7. /object_info_4,200,OK,Group_32_test_plan_50_threads 1-11,text,true,,256,167,47,47,http://5.75.203.123:5005/object_info_4?name=Mikhail&age=32&salary=5000,103,0,52
1678987884379,103,2. /user_info_2,200,OK,Group_32_test_plan_50_threads 1-34,text,true,,476,249,47,47,http://5.75.203.123:5005/user_info_2,103,0,52
1678987884379,108,5. /object_info_2,200,OK,Group_32_test_plan_50_threads 1-22,text,true,,489,167,46,46,http://5.75.203.123:5005/object_info_2?name=Mikhail&age=32&salary=3000,108,0,52
1678987884386,106,3. /user_info_3,200,OK,Group_32_test_plan_50_threads 1-30,text,true,,384,249,47,47,http://5.75.203.123:5005/user_info_3,106,0,45
1678987884379,113,5. /object_info_2,200,OK,Group_32_test_plan_50_threads 1-21,text,true,,489,167,47,47,http://5.75.203.123:5005/object_info_2?name=Mikhail&age=32&salary=3000,113,0,52
1678987884386,106,6. /object_info_3,200,OK,Group_32_test_plan_50_threads 1-17,text,true,,536,167,47,47,http://5.75.203.123:5005/object_info_3?name=Mikhail&age=32&salary=4000,106,0,45
1678987884386,107,7. /object_info_4,200,OK,Group_32_test_plan_50_threads 1-12,text,true,,256,167,47,47,http://5.75.203.123:5005/object_info_4?name=Mikhail&age=32&salary=5000,107,0,50
1678987884393,100,3. /user_info_3,200,OK,Group_32_test_plan_50_threads 1-31,text,true,,384,249,47,47,http://5.75.203.123:5005/user_info_3,100,0,44
1678987884393,100,6. /object_info_3,200,OK,Group_32_test_plan_50_threads 1-16,text,true,,536,167,47,47,http://5.75.203.123:5005/object_info_3?name=Mikhail&age=32&salary=4000,100,0,44
1678987884386,114,2. /user_info_2,200,OK,Group_32_test_plan_50_threads 1-40,text,true,,474,248,46,46,http://5.75.203.123:5005/user_info_2,114,0,50
1678987884389,111,1. /get_method,200,OK,Group_32_test_plan_50_threads 1-45,text,true,,189,152,46,46,http://5.75.203.123:5005/get_method?name=Milhail&age=32,111,0,48
1678987884393,107,6. /object_info_3,200,OK,Group_32_test_plan_50_threads 1-18,text,true,,536,167,46,46,http://5.75.203.123:5005/object_info_3?name=Mikhail&age=32&salary=4000,107,0,44
1678987884397,104,2. /user_info_2,200,OK,Group_32_test_plan_50_threads 1-36,text,true,,476,249,46,46,http://5.75.203.123:5005/user_info_2,104,0,47
1678987884397,104,4. /object_info_1,200,OK,Group_32_test_plan_50_threads 1-26,text,true,,249,165,46,46,http://5.75.203.123:5005/object_info_1?name=Mikhail&age=32&weight=88,104,0,47
1678987884397,104,5. /object_info_2,200,OK,Group_32_test_plan_50_threads 1-20,text,true,,489,167,46,46,http://5.75.203.123:5005/object_info_2?name=Mikhail&age=32&salary=3000,104,0,47
1678987884408,94,3. /user_info_3,200,OK,Group_32_test_plan_50_threads 1-32,text,true,,384,249,46,46,http://5.75.203.123:5005/user_info_3,94,0,43
1678987884402,100,2. /user_info_2,200,OK,Group_32_test_plan_50_threads 1-41,text,true,,474,248,46,46,http://5.75.203.123:5005/user_info_2,100,0,49
1678987884409,99,1. /get_method,200,OK,Group_32_test_plan_50_threads 1-46,text,true,,189,152,46,46,http://5.75.203.123:5005/get_method?name=Milhail&age=32,99,0,47
1678987884428,84,1. /get_method,200,OK,Group_32_test_plan_50_threads 1-47,text,true,,189,152,46,46,http://5.75.203.123:5005/get_method?name=Milhail&age=32,84,0,43
1678987884431,86,2. /user_info_2,200,OK,Group_32_test_plan_50_threads 1-37,text,true,,476,249,46,46,http://5.75.203.123:5005/user_info_2,86,0,42
1678987884423,94,4. /object_info_1,200,OK,Group_32_test_plan_50_threads 1-27,text,true,,249,165,46,46,http://5.75.203.123:5005/object_info_1?name=Mikhail&age=32&weight=88,94,0,45
1678987884431,93,5. /object_info_2,200,OK,Group_32_test_plan_50_threads 1-23,text,true,,489,167,46,46,http://5.75.203.123:5005/object_info_2?name=Mikhail&age=32&salary=3000,93,0,46
1678987884436,89,4. /object_info_1,200,OK,Group_32_test_plan_50_threads 1-28,text,true,,249,165,46,46,http://5.75.203.123:5005/object_info_1?name=Mikhail&age=32&weight=88,89,0,44
1678987884436,94,2. /user_info_2,200,OK,Group_32_test_plan_50_threads 1-42,text,true,,474,248,46,46,http://5.75.203.123:5005/user_info_2,94,0,46
1678987884444,88,6. /object_info_3,200,OK,Group_32_test_plan_50_threads 1-19,text,true,,536,167,46,46,http://5.75.203.123:5005/object_info_3?name=Mikhail&age=32&salary=4000,87,0,43
1678987884437,95,7. /object_info_4,200,OK,Group_32_test_plan_50_threads 1-14,text,true,,256,167,46,46,http://5.75.203.123:5005/object_info_4?name=Mikhail&age=32&salary=5000,94,0,45
1678987884436,96,5. /object_info_2,200,OK,Group_32_test_plan_50_threads 1-24,text,true,,489,167,46,46,http://5.75.203.123:5005/object_info_2?name=Mikhail&age=32&salary=3000,95,0,46
1678987884449,88,7. /object_info_4,200,OK,Group_32_test_plan_50_threads 1-13,text,true,,256,167,45,45,http://5.75.203.123:5005/object_info_4?name=Mikhail&age=32&salary=5000,88,0,43
1678987884449,90,2. /user_info_2,200,OK,Group_32_test_plan_50_threads 1-38,text,true,,476,249,44,44,http://5.75.203.123:5005/user_info_2,90,0,44
1678987884449,92,1. /get_method,200,OK,Group_32_test_plan_50_threads 1-48,text,true,,189,152,44,44,http://5.75.203.123:5005/get_method?name=Milhail&age=32,92,0,44
1678987884451,97,4. /object_info_1,200,OK,Group_32_test_plan_50_threads 1-29,text,true,,249,165,44,44,http://5.75.203.123:5005/object_info_1?name=Mikhail&age=32&weight=88,97,0,49
1678987884451,101,3. /user_info_3,200,OK,Group_32_test_plan_50_threads 1-33,text,true,,384,249,44,44,http://5.75.203.123:5005/user_info_3,101,0,49
1678987884456,97,2. /user_info_2,200,OK,Group_32_test_plan_50_threads 1-43,text,true,,474,248,44,44,http://5.75.203.123:5005/user_info_2,96,0,45
1678987884472,81,7. /object_info_4,200,OK,Group_32_test_plan_50_threads 1-15,text,true,,256,167,44,44,http://5.75.203.123:5005/object_info_4?name=Mikhail&age=32&salary=5000,81,0,39
1678987884456,100,2. /user_info_2,200,OK,Group_32_test_plan_50_threads 1-44,text,true,,474,248,43,43,http://5.75.203.123:5005/user_info_2,100,0,46
1678987884468,92,2. /user_info_2,200,OK,Group_32_test_plan_50_threads 1-39,text,true,,476,249,43,43,http://5.75.203.123:5005/user_info_2,92,0,47
1678987884469,93,1. /get_method,200,OK,Group_32_test_plan_50_threads 1-49,text,true,,189,152,43,43,http://5.75.203.123:5005/get_method?name=Milhail&age=32,93,0,46
1678987884477,97,5. /object_info_2,200,OK,Group_32_test_plan_50_threads 1-25,text,true,,489,167,43,43,http://5.75.203.123:5005/object_info_2?name=Mikhail&age=32&salary=3000,97,0,48
1678987884477,101,3. /user_info_3,200,OK,Group_32_test_plan_50_threads 1-35,text,true,,384,249,43,43,http://5.75.203.123:5005/user_info_3,101,0,48
1678987884483,95,3. /user_info_3,200,OK,Group_32_test_plan_50_threads 1-34,text,true,,384,249,43,43,http://5.75.203.123:5005/user_info_3,95,0,43
1678987884489,90,1. /get_method,200,OK,Group_32_test_plan_50_threads 1-50,text,true,,189,152,43,43,http://5.75.203.123:5005/get_method?name=Milhail&age=32,90,0,42
1678987884492,93,4. /object_info_1,200,OK,Group_32_test_plan_50_threads 1-30,text,true,,249,165,43,43,http://5.75.203.123:5005/object_info_1?name=Mikhail&age=32&weight=88,93,0,45
1678987884493,93,4. /object_info_1,200,OK,Group_32_test_plan_50_threads 1-31,text,true,,249,165,43,43,http://5.75.203.123:5005/object_info_1?name=Mikhail&age=32&weight=88,93,0,44
1678987884493,93,7. /object_info_4,200,OK,Group_32_test_plan_50_threads 1-16,text,true,,256,167,43,43,http://5.75.203.123:5005/object_info_4?name=Mikhail&age=32&salary=5000,93,0,44
1678987884492,94,7. /object_info_4,200,OK,Group_32_test_plan_50_threads 1-17,text,true,,256,167,43,43,http://5.75.203.123:5005/object_info_4?name=Mikhail&age=32&salary=5000,94,0,45
1678987884488,101,6. /object_info_3,200,OK,Group_32_test_plan_50_threads 1-22,text,true,,536,167,41,41,http://5.75.203.123:5005/object_info_3?name=Mikhail&age=32&salary=4000,101,0,49
1678987884500,96,7. /object_info_4,200,OK,Group_32_test_plan_50_threads 1-18,text,true,,256,167,41,41,http://5.75.203.123:5005/object_info_4?name=Mikhail&age=32&salary=5000,96,0,45
1678987884501,95,6. /object_info_3,200,OK,Group_32_test_plan_50_threads 1-20,text,true,,536,167,41,41,http://5.75.203.123:5005/object_info_3?name=Mikhail&age=32&salary=4000,95,0,44
1678987884492,104,6. /object_info_3,200,OK,Group_32_test_plan_50_threads 1-21,text,true,,536,167,41,41,http://5.75.203.123:5005/object_info_3?name=Mikhail&age=32&salary=4000,104,0,46
1678987884501,97,3. /user_info_3,200,OK,Group_32_test_plan_50_threads 1-36,text,true,,384,249,40,40,http://5.75.203.123:5005/user_info_3,97,0,44
1678987884500,101,2. /user_info_2,200,OK,Group_32_test_plan_50_threads 1-45,text,true,,474,248,40,40,http://5.75.203.123:5005/user_info_2,101,0,46
1678987884502,102,4. /object_info_1,200,OK,Group_32_test_plan_50_threads 1-32,text,true,,249,165,40,40,http://5.75.203.123:5005/object_info_1?name=Mikhail&age=32&weight=88,102,0,44
1678987884500,105,2. /user_info_2,200,OK,Group_32_test_plan_50_threads 1-40,text,true,,476,249,40,40,http://5.75.203.123:5005/user_info_2,104,0,46
1678987884501,104,5. /object_info_2,200,OK,Group_32_test_plan_50_threads 1-26,text,true,,489,167,40,40,http://5.75.203.123:5005/object_info_2?name=Mikhail&age=32&salary=3000,104,0,47
1678987884502,104,2. /user_info_2,200,OK,Group_32_test_plan_50_threads 1-41,text,true,,476,249,40,40,http://5.75.203.123:5005/user_info_2,104,0,46
1678987883509,1097,1. /get_method,200,OK,Group_32_test_plan_50_threads 1-1,text,true,,189,152,40,40,http://5.75.203.123:5005/get_method?name=Milhail&age=32,1097,0,1044
1678987884518,88,3. /user_info_3,200,OK,Group_32_test_plan_50_threads 1-37,text,true,,384,249,40,40,http://5.75.203.123:5005/user_info_3,88,0,42
1678987884508,98,2. /user_info_2,200,OK,Group_32_test_plan_50_threads 1-46,text,true,,474,248,40,40,http://5.75.203.123:5005/user_info_2,98,0,44
1678987884512,102,2. /user_info_2,200,OK,Group_32_test_plan_50_threads 1-47,text,true,,474,248,40,40,http://5.75.203.123:5005/user_info_2,101,0,44
1678987884518,96,5. /object_info_2,200,OK,Group_32_test_plan_50_threads 1-27,text,true,,489,167,40,40,http://5.75.203.123:5005/object_info_2?name=Mikhail&age=32&salary=3000,95,0,44
1678987884524,91,6. /object_info_3,200,OK,Group_32_test_plan_50_threads 1-23,text,true,,536,167,40,40,http://5.75.203.123:5005/object_info_3?name=Mikhail&age=32&salary=4000,91,0,44
1678987884525,90,5. /object_info_2,200,OK,Group_32_test_plan_50_threads 1-28,text,true,,489,167,40,40,http://5.75.203.123:5005/object_info_2?name=Mikhail&age=32&salary=3000,90,0,44
1678987884530,92,2. /user_info_2,200,OK,Group_32_test_plan_50_threads 1-42,text,true,,476,249,40,40,http://5.75.203.123:5005/user_info_2,92,0,46
1678987884532,90,7. /object_info_4,200,OK,Group_32_test_plan_50_threads 1-19,text,true,,256,167,40,40,http://5.75.203.123:5005/object_info_4?name=Mikhail&age=32&salary=5000,90,0,45
1678987884532,90,6. /object_info_3,200,OK,Group_32_test_plan_50_threads 1-24,text,true,,536,167,40,40,http://5.75.203.123:5005/object_info_3?name=Mikhail&age=32&salary=4000,90,0,46
1678987884539,89,3. /user_info_3,200,OK,Group_32_test_plan_50_threads 1-38,text,true,,384,249,39,39,http://5.75.203.123:5005/user_info_3,89,0,46
1678987884541,88,2. /user_info_2,200,OK,Group_32_test_plan_50_threads 1-48,text,true,,474,248,39,39,http://5.75.203.123:5005/user_info_2,88,0,44
1678987883528,1107,1. /get_method,200,OK,Group_32_test_plan_50_threads 1-2,text,true,,189,152,39,39,http://5.75.203.123:5005/get_method?name=Milhail&age=32,1107,0,1061
1678987884548,95,5. /object_info_2,200,OK,Group_32_test_plan_50_threads 1-29,text,true,,489,167,39,39,http://5.75.203.123:5005/object_info_2?name=Mikhail&age=32&salary=3000,95,0,50
1678987884553,95,2. /user_info_2,200,OK,Group_32_test_plan_50_threads 1-43,text,true,,476,249,39,39,http://5.75.203.123:5005/user_info_2,95,0,50
1678987884599,95,4. /object_info_1,200,OK,Group_32_test_plan_50_threads 1-36,text,true,,249,165,39,39,http://5.75.203.123:5005/object_info_1?name=Mikhail&age=32&weight=88,95,0,43
1678987884596,98,7. /object_info_4,200,OK,Group_32_test_plan_50_threads 1-20,text,true,,256,167,39,39,http://5.75.203.123:5005/object_info_4?name=Mikhail&age=32&salary=5000,98,0,41
1678987884601,93,2. /user_info_2,200,OK,Group_32_test_plan_50_threads 1-45,text,true,,476,249,39,39,http://5.75.203.123:5005/user_info_2,93,0,41
1678987884596,98,7. /object_info_4,200,OK,Group_32_test_plan_50_threads 1-21,text,true,,256,167,39,39,http://5.75.203.123:5005/object_info_4?name=Mikhail&age=32&salary=5000,98,0,43
1678987884590,104,7. /object_info_4,200,OK,Group_32_test_plan_50_threads 1-22,text,true,,256,167,39,39,http://5.75.203.123:5005/object_info_4?name=Mikhail&age=32&salary=5000,104,0,45
1678987884585,91,5. /object_info_2,200,OK,Group_32_test_plan_50_threads 1-30,text,true,,489,167,39,39,http://5.75.203.123:5005/object_info_2?name=Mikhail&age=32&salary=3000,91,0,44
1678987884586,86,5. /object_info_2,200,OK,Group_32_test_plan_50_threads 1-31,text,true,,489,167,39,39,http://5.75.203.123:5005/object_info_2?name=Mikhail&age=32&salary=3000,86,0,43
1678987884578,94,4. /object_info_1,200,OK,Group_32_test_plan_50_threads 1-34,text,true,,249,165,39,39,http://5.75.203.123:5005/object_info_1?name=Mikhail&age=32&weight=88,94,0,49
1678987884579,92,2. /user_info_2,200,OK,Group_32_test_plan_50_threads 1-50,text,true,,474,248,39,39,http://5.75.203.123:5005/user_info_2,92,0,48
1678987884578,89,4. /object_info_1,200,OK,Group_32_test_plan_50_threads 1-35,text,true,,249,165,39,39,http://5.75.203.123:5005/object_info_1?name=Mikhail&age=32&weight=88,89,0,44
1678987884574,90,6. /object_info_3,200,OK,Group_32_test_plan_50_threads 1-25,text,true,,536,167,39,39,http://5.75.203.123:5005/object_info_3?name=Mikhail&age=32&salary=4000,90,0,43
1678987883568,1092,1. /get_method,200,OK,Group_32_test_plan_50_threads 1-4,text,true,,189,152,39,39,http://5.75.203.123:5005/get_method?name=Milhail&age=32,1092,0,1047
1678987884556,99,2. /user_info_2,200,OK,Group_32_test_plan_50_threads 1-44,text,true,,476,249,39,39,http://5.75.203.123:5005/user_info_2,99,0,48
1678987884562,92,2. /user_info_2,200,OK,Group_32_test_plan_50_threads 1-49,text,true,,474,248,39,39,http://5.75.203.123:5005/user_info_2,92,0,43
1678987884553,101,4. /object_info_1,200,OK,Group_32_test_plan_50_threads 1-33,text,true,,249,165,39,39,http://5.75.203.123:5005/object_info_1?name=Mikhail&age=32&weight=88,101,0,51
1678987884560,94,3. /user_info_3,200,OK,Group_32_test_plan_50_threads 1-39,text,true,,384,249,39,39,http://5.75.203.123:5005/user_info_3,94,0,44
1678987883548,1106,1. /get_method,200,OK,Group_32_test_plan_50_threads 1-3,text,true,,189,152,39,39,http://5.75.203.123:5005/get_method?name=Milhail&age=32,1106,0,1057
1678987883588,1110,1. /get_method,200,OK,Group_32_test_plan_50_threads 1-5,text,true,,189,152,36,36,http://5.75.203.123:5005/get_method?name=Milhail&age=32,1110,0,1060
1678987884605,93,5. /object_info_2,200,OK,Group_32_test_plan_50_threads 1-32,text,true,,489,167,36,36,http://5.75.203.123:5005/object_info_2?name=Mikhail&age=32&salary=3000,93,0,43
1678987884605,93,6. /object_info_3,200,OK,Group_32_test_plan_50_threads 1-26,text,true,,536,167,36,36,http://5.75.203.123:5005/object_info_3?name=Mikhail&age=32&salary=4000,93,0,43
1678987884605,93,3. /user_info_3,200,OK,Group_32_test_plan_50_threads 1-40,text,true,,384,249,36,36,http://5.75.203.123:5005/user_info_3,93,0,43
1678987884606,104,4. /object_info_1,200,OK,Group_32_test_plan_50_threads 1-37,text,true,,249,165,36,36,http://5.75.203.123:5005/object_info_1?name=Mikhail&age=32&weight=88,104,0,48
1678987884606,108,2. /user_info_2,200,OK,Group_32_test_plan_50_threads 1-1,text,true,,474,248,36,36,http://5.75.203.123:5005/user_info_2,108,0,48
1678987884606,108,2. /user_info_2,200,OK,Group_32_test_plan_50_threads 1-46,text,true,,476,249,36,36,http://5.75.203.123:5005/user_info_2,108,0,48
1678987884614,100,6. /object_info_3,200,OK,Group_32_test_plan_50_threads 1-27,text,true,,536,167,36,36,http://5.75.203.123:5005/object_info_3?name=Mikhail&age=32&salary=4000,100,0,45
1678987884606,108,3. /user_info_3,200,OK,Group_32_test_plan_50_threads 1-41,text,true,,384,249,36,36,http://5.75.203.123:5005/user_info_3,108,0,48
1678987884614,102,2. /user_info_2,200,OK,Group_32_test_plan_50_threads 1-47,text,true,,476,249,36,36,http://5.75.203.123:5005/user_info_2,102,0,46
1678987883608,1108,1. /get_method,200,OK,Group_32_test_plan_50_threads 1-6,text,true,,189,152,36,36,http://5.75.203.123:5005/get_method?name=Milhail&age=32,1108,0,1052
1678987884622,98,3. /user_info_3,200,OK,Group_32_test_plan_50_threads 1-42,text,true,,384,249,36,36,http://5.75.203.123:5005/user_info_3,98,0,42
1678987884615,105,7. /object_info_4,200,OK,Group_32_test_plan_50_threads 1-23,text,true,,256,167,36,36,http://5.75.203.123:5005/object_info_4?name=Mikhail&age=32&salary=5000,105,0,45
1678987884615,107,6. /object_info_3,200,OK,Group_32_test_plan_50_threads 1-28,text,true,,536,167,35,35,http://5.75.203.123:5005/object_info_3?name=Mikhail&age=32&salary=4000,107,0,46
1678987883629,1093,1. /get_method,200,OK,Group_32_test_plan_50_threads 1-7,text,true,,189,152,35,35,http://5.75.203.123:5005/get_method?name=Milhail&age=32,1093,0,1047
1678987884628,94,4. /object_info_1,200,OK,Group_32_test_plan_50_threads 1-38,text,true,,249,165,35,35,http://5.75.203.123:5005/object_info_1?name=Mikhail&age=32&weight=88,94,0,39
1678987884622,100,7. /object_info_4,200,OK,Group_32_test_plan_50_threads 1-24,text,true,,256,167,35,35,http://5.75.203.123:5005/object_info_4?name=Mikhail&age=32&salary=5000,100,0,45
1678987884629,93,2. /user_info_2,200,OK,Group_32_test_plan_50_threads 1-48,text,true,,476,249,35,35,http://5.75.203.123:5005/user_info_2,93,0,43
1678987884635,88,2. /user_info_2,200,OK,Group_32_test_plan_50_threads 1-2,text,true,,474,248,34,34,http://5.75.203.123:5005/user_info_2,88,0,42
1678987884643,105,6. /object_info_3,200,OK,Group_32_test_plan_50_threads 1-29,text,true,,536,167,34,34,http://5.75.203.123:5005/object_info_3?name=Mikhail&age=32&salary=4000,105,0,51
1678987884648,107,3. /user_info_3,200,OK,Group_32_test_plan_50_threads 1-43,text,true,,384,249,34,34,http://5.75.203.123:5005/user_info_3,107,0,50
1678987883650,1112,1. /get_method,200,OK,Group_32_test_plan_50_threads 1-8,text,true,,189,152,34,34,http://5.75.203.123:5005/get_method?name=Milhail&age=32,1112,0,1064
1678987884696,83,5. /object_info_2,200,OK,Group_32_test_plan_50_threads 1-36,text,true,,489,167,34,34,http://5.75.203.123:5005/object_info_2?name=Mikhail&age=32&salary=3000,83,0,42
1678987884696,89,6. /object_info_3,200,OK,Group_32_test_plan_50_threads 1-31,text,true,,536,167,34,34,http://5.75.203.123:5005/object_info_3?name=Mikhail&age=32&salary=4000,89,0,43
1678987884696,94,5. /object_info_2,200,OK,Group_32_test_plan_50_threads 1-35,text,true,,489,167,34,34,http://5.75.203.123:5005/object_info_2?name=Mikhail&age=32&salary=3000,94,0,43
1678987884696,94,2. /user_info_2,200,OK,Group_32_test_plan_50_threads 1-4,text,true,,474,248,34,34,http://5.75.203.123:5005/user_info_2,94,0,46
1678987884696,95,2. /user_info_2,200,OK,Group_32_test_plan_50_threads 1-49,text,true,,476,249,34,34,http://5.75.203.123:5005/user_info_2,95,0,46
1678987884697,94,5. /object_info_2,200,OK,Group_32_test_plan_50_threads 1-33,text,true,,489,167,34,34,http://5.75.203.123:5005/object_info_2?name=Mikhail&age=32&salary=3000,94,0,45
1678987884697,142,3. /user_info_3,200,OK,Group_32_test_plan_50_threads 1-45,text,true,,384,249,34,34,http://5.75.203.123:5005/user_info_3,142,0,45
1678987884697,143,2. /user_info_2,200,OK,Group_32_test_plan_50_threads 1-3,text,true,,474,248,34,34,http://5.75.203.123:5005/user_info_2,143,0,51
1678987884698,143,7. /object_info_4,200,OK,Group_32_test_plan_50_threads 1-26,text,true,,256,167,34,34,http://5.75.203.123:5005/object_info_4?name=Mikhail&age=32&salary=5000,143,0,51
1678987884696,147,7. /object_info_4,200,OK,Group_32_test_plan_50_threads 1-25,text,true,,256,167,33,33,http://5.75.203.123:5005/object_info_4?name=Mikhail&age=32&salary=5000,147,0,52
1678987884696,148,5. /object_info_2,200,OK,Group_32_test_plan_50_threads 1-34,text,true,,489,167,33,33,http://5.75.203.123:5005/object_info_2?name=Mikhail&age=32&salary=3000,147,0,52
1678987884696,148,3. /user_info_3,200,OK,Group_32_test_plan_50_threads 1-44,text,true,,384,249,33,33,http://5.75.203.123:5005/user_info_3,148,0,59
1678987884697,147,4. /object_info_1,200,OK,Group_32_test_plan_50_threads 1-39,text,true,,249,165,33,33,http://5.75.203.123:5005/object_info_1?name=Mikhail&age=32&weight=88,147,0,58
1678987884698,147,6. /object_info_3,200,OK,Group_32_test_plan_50_threads 1-32,text,true,,536,167,32,32,http://5.75.203.123:5005/object_info_3?name=Mikhail&age=32&salary=4000,147,0,57
1678987884699,150,4. /object_info_1,200,OK,Group_32_test_plan_50_threads 1-40,text,true,,249,165,32,32,http://5.75.203.123:5005/object_info_1?name=Mikhail&age=32&weight=88,150,0,56
1678987884710,139,5. /object_info_2,200,OK,Group_32_test_plan_50_threads 1-37,text,true,,489,167,32,32,http://5.75.203.123:5005/object_info_2?name=Mikhail&age=32&salary=3000,139,0,45
1678987884714,135,4. /object_info_1,200,OK,Group_32_test_plan_50_threads 1-41,text,true,,249,165,32,32,http://5.75.203.123:5005/object_info_1?name=Mikhail&age=32&weight=88,135,0,41
1678987884696,153,2. /user_info_2,200,OK,Group_32_test_plan_50_threads 1-50,text,true,,476,249,32,32,http://5.75.203.123:5005/user_info_2,153,0,59
1678987884696,153,6. /object_info_3,200,OK,Group_32_test_plan_50_threads 1-30,text,true,,536,167,32,32,http://5.75.203.123:5005/object_info_3?name=Mikhail&age=32&salary=4000,153,0,59
1678987884698,151,2. /user_info_2,200,OK,Group_32_test_plan_50_threads 1-5,text,true,,474,248,32,32,http://5.75.203.123:5005/user_info_2,151,0,57
1678987884714,136,3. /user_info_3,200,OK,Group_32_test_plan_50_threads 1-46,text,true,,384,249,32,32,http://5.75.203.123:5005/user_info_3,136,0,41
1678987884714,136,2. /user_info_2,200,OK,Group_32_test_plan_50_threads 1-1,text,true,,476,249,32,32,http://5.75.203.123:5005/user_info_2,135,0,41
1678987884716,134,2. /user_info_2,200,OK,Group_32_test_plan_50_threads 1-6,text,true,,474,248,32,32,http://5.75.203.123:5005/user_info_2,134,0,41
1678987884720,130,4. /object_info_1,200,OK,Group_32_test_plan_50_threads 1-42,text,true,,249,165,32,32,http://5.75.203.123:5005/object_info_1?name=Mikhail&age=32&weight=88,130,0,42
1678987884714,137,7. /object_info_4,200,OK,Group_32_test_plan_50_threads 1-27,text,true,,256,167,32,32,http://5.75.203.123:5005/object_info_4?name=Mikhail&age=32&salary=5000,137,0,48
1678987884722,129,5. /object_info_2,200,OK,Group_32_test_plan_50_threads 1-38,text,true,,489,167,32,32,http://5.75.203.123:5005/object_info_2?name=Mikhail&age=32&salary=3000,128,0,41
1678987884716,135,3. /user_info_3,200,OK,Group_32_test_plan_50_threads 1-47,text,true,,384,249,32,32,http://5.75.203.123:5005/user_info_3,135,0,46
1678987884723,128,2. /user_info_2,200,OK,Group_32_test_plan_50_threads 1-2,text,true,,476,249,31,31,http://5.75.203.123:5005/user_info_2,128,0,45
1678987884722,129,7. /object_info_4,200,OK,Group_32_test_plan_50_threads 1-28,text,true,,256,167,31,31,http://5.75.203.123:5005/object_info_4?name=Mikhail&age=32&salary=5000,129,0,45
1678987884722,129,2. /user_info_2,200,OK,Group_32_test_plan_50_threads 1-7,text,true,,474,248,31,31,http://5.75.203.123:5005/user_info_2,129,0,45
1678987884722,129,3. /user_info_3,200,OK,Group_32_test_plan_50_threads 1-48,text,true,,384,249,31,31,http://5.75.203.123:5005/user_info_3,129,0,45
1678987884749,107,7. /object_info_4,200,OK,Group_32_test_plan_50_threads 1-29,text,true,,256,167,30,30,http://5.75.203.123:5005/object_info_4?name=Mikhail&age=32&salary=5000,107,0,42
1678987884762,130,2. /user_info_2,200,OK,Group_32_test_plan_50_threads 1-8,text,true,,474,248,29,29,http://5.75.203.123:5005/user_info_2,130,0,81
1678987884755,137,4. /object_info_1,200,OK,Group_32_test_plan_50_threads 1-43,text,true,,249,165,29,29,http://5.75.203.123:5005/object_info_1?name=Mikhail&age=32&weight=88,137,0,86
1678987884779,122,6. /object_info_3,200,OK,Group_32_test_plan_50_threads 1-36,text,true,,536,167,29,29,http://5.75.203.123:5005/object_info_3?name=Mikhail&age=32&salary=4000,122,0,72
1678987884790,112,6. /object_info_3,200,OK,Group_32_test_plan_50_threads 1-35,text,true,,536,167,29,29,http://5.75.203.123:5005/object_info_3?name=Mikhail&age=32&salary=4000,112,0,66
1678987884791,111,6. /object_info_3,200,OK,Group_32_test_plan_50_threads 1-33,text,true,,536,167,29,29,http://5.75.203.123:5005/object_info_3?name=Mikhail&age=32&salary=4000,111,0,65
1678987884785,120,7. /object_info_4,200,OK,Group_32_test_plan_50_threads 1-31,text,true,,256,167,29,29,http://5.75.203.123:5005/object_info_4?name=Mikhail&age=32&salary=5000,120,0,66
1678987884791,118,3. /user_info_3,200,OK,Group_32_test_plan_50_threads 1-49,text,true,,384,249,28,28,http://5.75.203.123:5005/user_info_3,118,0,65
1678987884790,119,2. /user_info_2,200,OK,Group_32_test_plan_50_threads 1-4,text,true,,476,249,28,28,http://5.75.203.123:5005/user_info_2,119,0,66
1678987884844,91,4. /object_info_1,200,OK,Group_32_test_plan_50_threads 1-44,text,true,,249,165,28,28,http://5.75.203.123:5005/object_info_1?name=Mikhail&age=32&weight=88,91,0,48
1678987884840,97,2. /user_info_2,200,OK,Group_32_test_plan_50_threads 1-3,text,true,,476,249,28,28,http://5.75.203.123:5005/user_info_2,97,0,52
1678987884839,101,4. /object_info_1,200,OK,Group_32_test_plan_50_threads 1-45,text,true,,249,165,28,28,http://5.75.203.123:5005/object_info_1?name=Mikhail&age=32&weight=88,101,0,53
1678987884845,96,7. /object_info_4,200,OK,Group_32_test_plan_50_threads 1-32,text,true,,256,167,28,28,http://5.75.203.123:5005/object_info_4?name=Mikhail&age=32&salary=5000,96,0,47
1678987884844,101,6. /object_info_3,200,OK,Group_32_test_plan_50_threads 1-34,text,true,,536,167,27,27,http://5.75.203.123:5005/object_info_3?name=Mikhail&age=32&salary=4000,101,0,48
1678987884844,102,5. /object_info_2,200,OK,Group_32_test_plan_50_threads 1-39,text,true,,489,167,27,27,http://5.75.203.123:5005/object_info_2?name=Mikhail&age=32&salary=3000,102,0,48
1678987884849,97,7. /object_info_4,200,OK,Group_32_test_plan_50_threads 1-30,text,true,,256,167,27,27,http://5.75.203.123:5005/object_info_4?name=Mikhail&age=32&salary=5000,97,0,44
1678987884849,97,3. /user_info_3,200,OK,Group_32_test_plan_50_threads 1-50,text,true,,384,249,27,27,http://5.75.203.123:5005/user_info_3,97,0,44
1678987884850,102,2. /user_info_2,200,OK,Group_32_test_plan_50_threads 1-5,text,true,,476,249,26,26,http://5.75.203.123:5005/user_info_2,102,0,43
1678987884850,102,3. /user_info_3,200,OK,Group_32_test_plan_50_threads 1-1,text,true,,384,249,26,26,http://5.75.203.123:5005/user_info_3,102,0,46
1678987884850,103,2. /user_info_2,200,OK,Group_32_test_plan_50_threads 1-6,text,true,,476,249,26,26,http://5.75.203.123:5005/user_info_2,103,0,46
1678987884849,104,5. /object_info_2,200,OK,Group_32_test_plan_50_threads 1-40,text,true,,489,167,26,26,http://5.75.203.123:5005/object_info_2?name=Mikhail&age=32&salary=3000,104,0,52
1678987884850,108,4. /object_info_1,200,OK,Group_32_test_plan_50_threads 1-46,text,true,,249,165,26,26,http://5.75.203.123:5005/object_info_1?name=Mikhail&age=32&weight=88,108,0,51
1678987884851,107,4. /object_info_1,200,OK,Group_32_test_plan_50_threads 1-47,text,true,,249,165,26,26,http://5.75.203.123:5005/object_info_1?name=Mikhail&age=32&weight=88,107,0,50
1678987884849,110,6. /object_info_3,200,OK,Group_32_test_plan_50_threads 1-37,text,true,,536,167,26,26,http://5.75.203.123:5005/object_info_3?name=Mikhail&age=32&salary=4000,110,0,52
1678987884849,110,5. /object_info_2,200,OK,Group_32_test_plan_50_threads 1-41,text,true,,489,167,26,26,http://5.75.203.123:5005/object_info_2?name=Mikhail&age=32&salary=3000,110,0,52
1678987884851,108,4. /object_info_1,200,OK,Group_32_test_plan_50_threads 1-48,text,true,,249,165,26,26,http://5.75.203.123:5005/object_info_1?name=Mikhail&age=32&weight=88,108,0,50
1678987884851,108,6. /object_info_3,200,OK,Group_32_test_plan_50_threads 1-38,text,true,,536,167,26,26,http://5.75.203.123:5005/object_info_3?name=Mikhail&age=32&salary=4000,108,0,50
1678987884851,110,5. /object_info_2,200,OK,Group_32_test_plan_50_threads 1-42,text,true,,489,167,26,26,http://5.75.203.123:5005/object_info_2?name=Mikhail&age=32&salary=3000,110,0,51
1678987884851,118,2. /user_info_2,200,OK,Group_32_test_plan_50_threads 1-7,text,true,,476,249,26,26,http://5.75.203.123:5005/user_info_2,118,0,51
1678987884851,118,3. /user_info_3,200,OK,Group_32_test_plan_50_threads 1-2,text,true,,384,249,26,26,http://5.75.203.123:5005/user_info_3,118,0,51
1678987884892,82,5. /object_info_2,200,OK,Group_32_test_plan_50_threads 1-43,text,true,,489,167,26,26,http://5.75.203.123:5005/object_info_2?name=Mikhail&age=32&salary=3000,82,0,42
1678987884892,94,2. /user_info_2,200,OK,Group_32_test_plan_50_threads 1-8,text,true,,476,249,26,26,http://5.75.203.123:5005/user_info_2,94,0,45
1678987884901,86,7. /object_info_4,200,OK,Group_32_test_plan_50_threads 1-36,text,true,,256,167,26,26,http://5.75.203.123:5005/object_info_4?name=Mikhail&age=32&salary=5000,86,0,44
1678987884902,91,7. /object_info_4,200,OK,Group_32_test_plan_50_threads 1-33,text,true,,256,167,25,25,http://5.75.203.123:5005/object_info_4?name=Mikhail&age=32&salary=5000,91,0,44
1678987884902,95,7. /object_info_4,200,OK,Group_32_test_plan_50_threads 1-35,text,true,,256,167,24,24,http://5.75.203.123:5005/object_info_4?name=Mikhail&age=32&salary=5000,95,0,50
1678987884909,94,4. /object_info_1,200,OK,Group_32_test_plan_50_threads 1-49,text,true,,249,165,23,23,http://5.75.203.123:5005/object_info_1?name=Mikhail&age=32&weight=88,94,0,44
1678987884909,94,3. /user_info_3,200,OK,Group_32_test_plan_50_threads 1-4,text,true,,384,249,23,23,http://5.75.203.123:5005/user_info_3,94,0,44
1678987884936,83,5. /object_info_2,200,OK,Group_32_test_plan_50_threads 1-44,text,true,,489,167,23,23,http://5.75.203.123:5005/object_info_2?name=Mikhail&age=32&salary=3000,83,0,41
1678987884940,96,5. /object_info_2,200,OK,Group_32_test_plan_50_threads 1-45,text,true,,489,167,23,23,http://5.75.203.123:5005/object_info_2?name=Mikhail&age=32&salary=3000,96,0,46
1678987884937,99,3. /user_info_3,200,OK,Group_32_test_plan_50_threads 1-3,text,true,,384,249,23,23,http://5.75.203.123:5005/user_info_3,99,0,49
1678987884946,90,4. /object_info_1,200,OK,Group_32_test_plan_50_threads 1-50,text,true,,249,165,23,23,http://5.75.203.123:5005/object_info_1?name=Mikhail&age=32&weight=88,90,0,41
1678987884952,89,4. /object_info_1,200,OK,Group_32_test_plan_50_threads 1-1,text,true,,249,165,23,23,http://5.75.203.123:5005/object_info_1?name=Mikhail&age=32&weight=88,89,0,42
1678987884945,96,7. /object_info_4,200,OK,Group_32_test_plan_50_threads 1-34,text,true,,256,167,23,23,http://5.75.203.123:5005/object_info_4?name=Mikhail&age=32&salary=5000,96,0,44
1678987884946,96,6. /object_info_3,200,OK,Group_32_test_plan_50_threads 1-39,text,true,,536,167,22,22,http://5.75.203.123:5005/object_info_3?name=Mikhail&age=32&salary=4000,96,0,47
1678987884952,99,3. /user_info_3,200,OK,Group_32_test_plan_50_threads 1-5,text,true,,384,249,22,22,http://5.75.203.123:5005/user_info_3,99,0,42
1678987884953,100,6. /object_info_3,200,OK,Group_32_test_plan_50_threads 1-40,text,true,,536,167,22,22,http://5.75.203.123:5005/object_info_3?name=Mikhail&age=32&salary=4000,100,0,41
1678987884958,98,5. /object_info_2,200,OK,Group_32_test_plan_50_threads 1-47,text,true,,489,167,22,22,http://5.75.203.123:5005/object_info_2?name=Mikhail&age=32&salary=3000,98,0,39
1678987884959,98,5. /object_info_2,200,OK,Group_32_test_plan_50_threads 1-48,text,true,,489,167,22,22,http://5.75.203.123:5005/object_info_2?name=Mikhail&age=32&salary=3000,98,0,44
1678987884953,104,3. /user_info_3,200,OK,Group_32_test_plan_50_threads 1-6,text,true,,384,249,22,22,http://5.75.203.123:5005/user_info_3,104,0,44
1678987884959,98,6. /object_info_3,200,OK,Group_32_test_plan_50_threads 1-41,text,true,,536,167,22,22,http://5.75.203.123:5005/object_info_3?name=Mikhail&age=32&salary=4000,98,0,44
1678987884959,98,7. /object_info_4,200,OK,Group_32_test_plan_50_threads 1-38,text,true,,256,167,22,22,http://5.75.203.123:5005/object_info_4?name=Mikhail&age=32&salary=5000,98,0,44
1678987884958,104,5. /object_info_2,200,OK,Group_32_test_plan_50_threads 1-46,text,true,,489,167,21,21,http://5.75.203.123:5005/object_info_2?name=Mikhail&age=32&salary=3000,104,0,45
1678987884959,106,7. /object_info_4,200,OK,Group_32_test_plan_50_threads 1-37,text,true,,256,167,21,21,http://5.75.203.123:5005/object_info_4?name=Mikhail&age=32&salary=5000,106,0,46
1678987884961,117,6. /object_info_3,200,OK,Group_32_test_plan_50_threads 1-42,text,true,,536,167,20,20,http://5.75.203.123:5005/object_info_3?name=Mikhail&age=32&salary=4000,117,0,46
1678987884986,92,3. /user_info_3,200,OK,Group_32_test_plan_50_threads 1-8,text,true,,384,249,20,20,http://5.75.203.123:5005/user_info_3,92,0,43
1678987884969,109,4. /object_info_1,200,OK,Group_32_test_plan_50_threads 1-2,text,true,,249,165,20,20,http://5.75.203.123:5005/object_info_1?name=Mikhail&age=32&weight=88,109,0,43
1678987884969,109,3. /user_info_3,200,OK,Group_32_test_plan_50_threads 1-7,text,true,,384,249,20,20,http://5.75.203.123:5005/user_info_3,109,0,43
1678987884974,104,6. /object_info_3,200,OK,Group_32_test_plan_50_threads 1-43,text,true,,536,167,20,20,http://5.75.203.123:5005/object_info_3?name=Mikhail&age=32&salary=4000,104,0,41
1678987885003,92,5. /object_info_2,200,OK,Group_32_test_plan_50_threads 1-49,text,true,,489,167,20,20,http://5.75.203.123:5005/object_info_2?name=Mikhail&age=32&salary=3000,92,0,48
1678987885003,96,4. /object_info_1,200,OK,Group_32_test_plan_50_threads 1-4,text,true,,249,165,20,20,http://5.75.203.123:5005/object_info_1?name=Mikhail&age=32&weight=88,96,0,50
1678987885019,87,6. /object_info_3,200,OK,Group_32_test_plan_50_threads 1-44,text,true,,536,167,20,20,http://5.75.203.123:5005/object_info_3?name=Mikhail&age=32&salary=4000,87,0,42
1678987885036,85,6. /object_info_3,200,OK,Group_32_test_plan_50_threads 1-45,text,true,,536,167,20,20,http://5.75.203.123:5005/object_info_3?name=Mikhail&age=32&salary=4000,85,0,42
1678987885036,89,4. /object_info_1,200,OK,Group_32_test_plan_50_threads 1-3,text,true,,249,165,20,20,http://5.75.203.123:5005/object_info_1?name=Mikhail&age=32&weight=88,89,0,42
1678987885041,88,5. /object_info_2,200,OK,Group_32_test_plan_50_threads 1-1,text,true,,489,167,20,20,http://5.75.203.123:5005/object_info_2?name=Mikhail&age=32&salary=3000,87,0,44
1678987885036,94,5. /object_info_2,200,OK,Group_32_test_plan_50_threads 1-50,text,true,,489,167,20,20,http://5.75.203.123:5005/object_info_2?name=Mikhail&age=32&salary=3000,94,0,49
1678987885042,91,7. /object_info_4,200,OK,Group_32_test_plan_50_threads 1-39,text,true,,256,167,20,20,http://5.75.203.123:5005/object_info_4?name=Mikhail&age=32&salary=5000,91,0,47
1678987885051,87,4. /object_info_1,200,OK,Group_32_test_plan_50_threads 1-5,text,true,,249,165,19,19,http://5.75.203.123:5005/object_info_1?name=Mikhail&age=32&weight=88,87,0,41
1678987885053,88,7. /object_info_4,200,OK,Group_32_test_plan_50_threads 1-40,text,true,,256,167,19,19,http://5.75.203.123:5005/object_info_4?name=Mikhail&age=32&salary=5000,88,0,44
1678987885057,84,7. /object_info_4,200,OK,Group_32_test_plan_50_threads 1-41,text,true,,256,167,19,19,http://5.75.203.123:5005/object_info_4?name=Mikhail&age=32&salary=5000,84,0,41
1678987885057,88,6. /object_info_3,200,OK,Group_32_test_plan_50_threads 1-48,text,true,,536,167,17,17,http://5.75.203.123:5005/object_info_3?name=Mikhail&age=32&salary=4000,88,0,41
1678987885056,94,6. /object_info_3,200,OK,Group_32_test_plan_50_threads 1-47,text,true,,536,167,17,17,http://5.75.203.123:5005/object_info_3?name=Mikhail&age=32&salary=4000,94,0,43
1678987885057,94,4. /object_info_1,200,OK,Group_32_test_plan_50_threads 1-6,text,true,,249,165,17,17,http://5.75.203.123:5005/object_info_1?name=Mikhail&age=32&weight=88,94,0,44
1678987885099,86,5. /object_info_2,200,OK,Group_32_test_plan_50_threads 1-4,text,true,,489,167,17,17,http://5.75.203.123:5005/object_info_2?name=Mikhail&age=32&salary=3000,85,0,42
1678987885095,90,6. /object_info_3,200,OK,Group_32_test_plan_50_threads 1-49,text,true,,536,167,17,17,http://5.75.203.123:5005/object_info_3?name=Mikhail&age=32&salary=4000,89,0,44
1678987885078,94,7. /object_info_4,200,OK,Group_32_test_plan_50_threads 1-43,text,true,,256,167,17,17,http://5.75.203.123:5005/object_info_4?name=Mikhail&age=32&salary=5000,94,0,46
1678987885078,94,4. /object_info_1,200,OK,Group_32_test_plan_50_threads 1-7,text,true,,249,165,17,17,http://5.75.203.123:5005/object_info_1?name=Mikhail&age=32&weight=88,94,0,47
1678987885078,94,5. /object_info_2,200,OK,Group_32_test_plan_50_threads 1-2,text,true,,489,167,17,17,http://5.75.203.123:5005/object_info_2?name=Mikhail&age=32&salary=3000,94,0,46
1678987885078,88,7. /object_info_4,200,OK,Group_32_test_plan_50_threads 1-42,text,true,,256,167,17,17,http://5.75.203.123:5005/object_info_4?name=Mikhail&age=32&salary=5000,88,0,44
1678987885078,83,4. /object_info_1,200,OK,Group_32_test_plan_50_threads 1-8,text,true,,249,165,17,17,http://5.75.203.123:5005/object_info_1?name=Mikhail&age=32&weight=88,83,0,42
1678987885062,93,6. /object_info_3,200,OK,Group_32_test_plan_50_threads 1-46,text,true,,536,167,17,17,http://5.75.203.123:5005/object_info_3?name=Mikhail&age=32&salary=4000,93,0,44
1678987885106,108,7. /object_info_4,200,OK,Group_32_test_plan_50_threads 1-44,text,true,,256,167,15,15,http://5.75.203.123:5005/object_info_4?name=Mikhail&age=32&salary=5000,108,0,43
1678987885121,93,7. /object_info_4,200,OK,Group_32_test_plan_50_threads 1-45,text,true,,256,167,15,15,http://5.75.203.123:5005/object_info_4?name=Mikhail&age=32&salary=5000,93,0,39
1678987885125,90,5. /object_info_2,200,OK,Group_32_test_plan_50_threads 1-3,text,true,,489,167,13,13,http://5.75.203.123:5005/object_info_2?name=Mikhail&age=32&salary=3000,90,0,39
1678987885130,85,6. /object_info_3,200,OK,Group_32_test_plan_50_threads 1-50,text,true,,536,167,13,13,http://5.75.203.123:5005/object_info_3?name=Mikhail&age=32&salary=4000,85,0,42
1678987885129,90,6. /object_info_3,200,OK,Group_32_test_plan_50_threads 1-1,text,true,,536,167,13,13,http://5.75.203.123:5005/object_info_3?name=Mikhail&age=32&salary=4000,90,0,43
1678987885139,91,5. /object_info_2,200,OK,Group_32_test_plan_50_threads 1-5,text,true,,489,167,13,13,http://5.75.203.123:5005/object_info_2?name=Mikhail&age=32&salary=3000,91,0,45
1678987885151,120,5. /object_info_2,200,OK,Group_32_test_plan_50_threads 1-6,text,true,,489,167,13,13,http://5.75.203.123:5005/object_info_2?name=Mikhail&age=32&salary=3000,119,0,63
1678987885145,126,7. /object_info_4,200,OK,Group_32_test_plan_50_threads 1-48,text,true,,256,167,13,13,http://5.75.203.123:5005/object_info_4?name=Mikhail&age=32&salary=5000,126,0,43
1678987885151,124,7. /object_info_4,200,OK,Group_32_test_plan_50_threads 1-47,text,true,,256,167,12,12,http://5.75.203.123:5005/object_info_4?name=Mikhail&age=32&salary=5000,124,0,63
1678987885196,107,6. /object_info_3,200,OK,Group_32_test_plan_50_threads 1-2,text,true,,536,167,11,11,http://5.75.203.123:5005/object_info_3?name=Mikhail&age=32&salary=4000,107,0,65
1678987885196,110,5. /object_info_2,200,OK,Group_32_test_plan_50_threads 1-8,text,true,,489,167,11,11,http://5.75.203.123:5005/object_info_2?name=Mikhail&age=32&salary=3000,110,0,66
1678987885196,116,5. /object_info_2,200,OK,Group_32_test_plan_50_threads 1-7,text,true,,489,167,11,11,http://5.75.203.123:5005/object_info_2?name=Mikhail&age=32&salary=3000,116,0,66
1678987885216,96,7. /object_info_4,200,OK,Group_32_test_plan_50_threads 1-50,text,true,,256,167,11,11,http://5.75.203.123:5005/object_info_4?name=Mikhail&age=32&salary=5000,96,0,50
1678987885196,119,6. /object_info_3,200,OK,Group_32_test_plan_50_threads 1-4,text,true,,536,167,10,10,http://5.75.203.123:5005/object_info_3?name=Mikhail&age=32&salary=4000,119,0,70
1678987885196,121,7. /object_info_4,200,OK,Group_32_test_plan_50_threads 1-46,text,true,,256,167,10,10,http://5.75.203.123:5005/object_info_4?name=Mikhail&age=32&salary=5000,121,0,70
1678987885196,121,7. /object_info_4,200,OK,Group_32_test_plan_50_threads 1-49,text,true,,256,167,10,10,http://5.75.203.123:5005/object_info_4?name=Mikhail&age=32&salary=5000,121,0,70
1678987885216,104,6. /object_info_3,200,OK,Group_32_test_plan_50_threads 1-3,text,true,,536,167,8,8,http://5.75.203.123:5005/object_info_3?name=Mikhail&age=32&salary=4000,104,0,51
1678987885219,104,7. /object_info_4,200,OK,Group_32_test_plan_50_threads 1-1,text,true,,256,167,8,8,http://5.75.203.123:5005/object_info_4?name=Mikhail&age=32&salary=5000,104,0,49
1678987885230,93,6. /object_info_3,200,OK,Group_32_test_plan_50_threads 1-5,text,true,,536,167,8,8,http://5.75.203.123:5005/object_info_3?name=Mikhail&age=32&salary=4000,93,0,45
1678987885271,84,6. /object_info_3,200,OK,Group_32_test_plan_50_threads 1-6,text,true,,536,167,7,7,http://5.75.203.123:5005/object_info_3?name=Mikhail&age=32&salary=4000,84,0,41
1678987885306,83,6. /object_info_3,200,OK,Group_32_test_plan_50_threads 1-8,text,true,,536,167,7,7,http://5.75.203.123:5005/object_info_3?name=Mikhail&age=32&salary=4000,83,0,42
1678987885303,87,7. /object_info_4,200,OK,Group_32_test_plan_50_threads 1-2,text,true,,256,167,7,7,http://5.75.203.123:5005/object_info_4?name=Mikhail&age=32&salary=5000,87,0,42
1678987885312,83,6. /object_info_3,200,OK,Group_32_test_plan_50_threads 1-7,text,true,,536,167,6,6,http://5.75.203.123:5005/object_info_3?name=Mikhail&age=32&salary=4000,83,0,40
1678987885316,82,7. /object_info_4,200,OK,Group_32_test_plan_50_threads 1-4,text,true,,256,167,6,6,http://5.75.203.123:5005/object_info_4?name=Mikhail&age=32&salary=5000,82,0,39
1678987885323,80,7. /object_info_4,200,OK,Group_32_test_plan_50_threads 1-5,text,true,,256,167,5,5,http://5.75.203.123:5005/object_info_4?name=Mikhail&age=32&salary=5000,79,0,39
1678987885320,85,7. /object_info_4,200,OK,Group_32_test_plan_50_threads 1-3,text,true,,256,167,4,4,http://5.75.203.123:5005/object_info_4?name=Mikhail&age=32&salary=5000,85,0,42
1678987885355,84,7. /object_info_4,200,OK,Group_32_test_plan_50_threads 1-6,text,true,,256,167,3,3,http://5.75.203.123:5005/object_info_4?name=Mikhail&age=32&salary=5000,84,0,42
1678987885395,83,7. /object_info_4,200,OK,Group_32_test_plan_50_threads 1-7,text,true,,256,167,2,2,http://5.75.203.123:5005/object_info_4?name=Mikhail&age=32&salary=5000,83,0,41
1678987885389,93,7. /object_info_4,200,OK,Group_32_test_plan_50_threads 1-8,text,true,,256,167,1,1,http://5.75.203.123:5005/object_info_4?name=Mikhail&age=32&salary=5000,93,0,47
